nonstream	uat-nonstream-r1-s4-1779256814475893806	req_3a2715c8-e8ac-4d42-88aa-ff9dc20d5c9a	True	200	1712
nonstream	uat-nonstream-r1-s5-1779256814474637148	req_f69fef25-c5d3-41ba-bea9-3fe5b869b1af	True	200	2139
nonstream	uat-nonstream-r1-s6-1779256814480971206	req_85b66c3e-6e27-413e-8cc8-a0638c7afac3	True	200	4095
nonstream	uat-nonstream-r1-s7-1779256814474520990	req_e77d8c76-3bae-4a80-9c45-eb30e54b63f0	True	200	6442
nonstream	uat-nonstream-r1-s8-1779256814474663527	req_1e62ae43-f9b3-4444-8e94-0dfc6dfb86c1	True	200	6518
nonstream	uat-nonstream-r1-s3-1779256814474434837	req_0a80bf40-b040-49cd-a01d-79a510b37f1d	True	200	6829
nonstream	uat-nonstream-r1-s10-1779256814476579228	req_9975b2c9-e9ef-4840-95b2-4c31359d7825	True	200	7267
nonstream	uat-nonstream-r1-s9-1779256814474842455	req_da6dccd4-5106-4ca5-823a-715b64d4cf82	True	200	7642
nonstream	uat-nonstream-r1-s2-1779256814474866460	req_4155cf16-50a8-4d47-abd4-76320ef4b244	True	200	7982
nonstream	uat-nonstream-r1-s1-1779256814475474848	req_75bd7aff-9420-48de-a0b2-1f8c30af9d9b	True	200	8604
nonstream	uat-nonstream-r2-s3-1779256823117809415	req_43ac0a4e-1c9d-4057-9168-7be9832cdb6c	True	200	1787
nonstream	uat-nonstream-r2-s10-1779256823120396619	req_5dc0719f-a6af-4668-ba7f-e3475fe4beb5	True	200	3441
nonstream	uat-nonstream-r2-s6-1779256823119363664	req_7c90a53b-350e-4df8-af2f-f0cba8ab345e	True	200	5016
nonstream	uat-nonstream-r2-s1-1779256823118264151	req_9d525863-3d60-4f46-8b49-de4a3587f4fb	True	200	7863
nonstream	uat-nonstream-r2-s8-1779256823120953119	req_18b26e4d-063c-49ad-8034-33353c7b8130	True	200	10927
nonstream	uat-nonstream-r2-s4-1779256823118077079	req_286badd9-6b4d-408b-b5f2-875cd688dc84	True	200	13639
nonstream	uat-nonstream-r2-s2-1779256823117791782	req_d9b447ce-2f99-40e4-8170-0222945dc876	True	200	16297
nonstream	uat-nonstream-r2-s9-1779256823129282846	req_17d0b181-3213-4bfd-bd0f-17a353332eed	True	200	19727
nonstream	uat-nonstream-r2-s7-1779256823119364104	req_1bd59c25-6854-4c1a-89a9-92dcc83a13a4	True	200	23599
nonstream	uat-nonstream-r2-s5-1779256823128544775	req_084ec9f8-d2cc-4219-bdda-0c02ce4a2bd2	True	200	25899
nonstream	uat-nonstream-r3-s2-1779256849057804100	req_f27372f5-2162-48e8-8d7f-b82ce5a6a8e7	True	200	2174
nonstream	uat-nonstream-r3-s7-1779256849068919025	req_8e4cd038-aa6a-4749-9d40-b7444938977e	True	200	3682
nonstream	uat-nonstream-r3-s3-1779256849065575925	req_d7aa6428-5931-46ba-acb1-98cff3373c34	True	200	6518
nonstream	uat-nonstream-r3-s9-1779256849064620485	req_2ee029b5-55b1-4929-92f7-bf9946e6e396	True	200	11487
nonstream	uat-nonstream-r3-s5-1779256849058633723	req_3c704d51-2b34-4b8b-8454-aa91b5791167	True	200	15232
nonstream	uat-nonstream-r3-s6-1779256849059886313	req_c0189007-8f1f-4c92-9fc3-e0cce0ed404a	True	200	19617
nonstream	uat-nonstream-r3-s1-1779256849069873894	req_172998e5-9b45-4f4b-abb8-72c2724619e8	True	200	22619
nonstream	uat-nonstream-r3-s4-1779256849058023834	req_167c8d04-d96e-46e5-a37f-110f838dc444	True	200	24169
nonstream	uat-nonstream-r3-s8-1779256849061274549	req_b7ecd6e1-a71f-43b1-a608-897773cfadbb	True	200	26434
nonstream	uat-nonstream-r3-s10-1779256849060164317	req_625c65e6-a556-4cae-80f0-3aef9c336807	True	200	30300
nonstream	uat-nonstream-r4-s5-1779256879392520672	req_9bf0885d-f405-4593-9f5a-252aabb69726	True	200	4444
nonstream	uat-nonstream-r4-s6-1779256879398473620	req_fd9dce20-2141-450d-9fcc-6ff68f635a29	True	200	9417
nonstream	uat-nonstream-r4-s1-1779256879392546741	req_f2d57e94-8d9b-4b8a-9728-bcfd84146fbb	True	200	12250
nonstream	uat-nonstream-r4-s8-1779256879393582574	req_a19aa2a9-70d4-4762-84df-b88268cd3f4f	True	200	15213
nonstream	uat-nonstream-r4-s3-1779256879392383142	req_6141c25e-ff35-403c-9b37-ca30a0fcd4af	True	200	16772
nonstream	uat-nonstream-r4-s9-1779256879393881356	req_baeeedc7-9601-42a7-bce0-626dcd1da93b	True	200	20463
nonstream	uat-nonstream-r4-s7-1779256879393602110	req_d966e244-3063-4bc2-a4b9-293d3f879455	True	200	27068
nonstream	uat-nonstream-r4-s2-1779256879392143551	req_f7b7fbb3-218b-479f-9b5f-d6ed761c6790	True	200	28908
nonstream	uat-nonstream-r4-s4-1779256879392678199	req_8f56969b-bdfa-451a-8066-0fc6c8789953	True	200	31510
nonstream	uat-nonstream-r4-s10-1779256879394907299	req_a201a3dc-2d3b-43ee-a734-df134fb59aff	True	200	33141
nonstream	uat-nonstream-r5-s6-1779256912590625776	req_f27d440a-b8c1-4980-b47e-6188ad5e574b	True	200	6791
nonstream	uat-nonstream-r5-s9-1779256912605707936	req_6e255ee2-d64f-4a42-9b74-7f0acd719010	True	200	9668
nonstream	uat-nonstream-r5-s1-1779256912655501274	req_5d68ab93-83cf-40d8-9aad-49f75dbff86f	True	200	11530
nonstream	uat-nonstream-r5-s4-1779256912599223448	req_9c7b709a-209b-4738-9261-91e090ae475b	True	200	14675
nonstream	uat-nonstream-r5-s10-1779256912590094134	req_4684d3ab-04ad-4320-829a-0b9e9a8e3496	True	200	16415
nonstream	uat-nonstream-r5-s8-1779256912585788361	req_b3992f6e-c6a5-403f-a17c-8d4ad814b425	True	200	18639
nonstream	uat-nonstream-r5-s2-1779256912583746364	req_ec94790f-4385-4485-a26b-d0bfc0593cee	True	200	22213
nonstream	uat-nonstream-r5-s7-1779256912610247561	req_6c62530d-ae54-4e89-9d1d-e1a616c16a30	True	200	27247
nonstream	uat-nonstream-r5-s3-1779256912591381560	req_5ecb87f7-752e-4d1a-9d2f-c531a2a6996c	True	200	28906
nonstream	uat-nonstream-r5-s5-1779256912603998846	req_662c402b-0168-4ad8-80fc-91261142df77	True	200	30397
nonstream	uat-nonstream-r6-s4-1779256943112008342	req_b9dcf7e6-ecc6-4dc3-b63a-6e9a51f5dd5e	True	200	3151
nonstream	uat-nonstream-r6-s2-1779256943111594823	req_0c9adcda-94f4-469c-aff6-a59bdd1fe82e	True	200	7565
nonstream	uat-nonstream-r6-s7-1779256943112797859	req_01ed1508-4f1c-4851-87cd-5cd7b52fb40e	True	200	9206
nonstream	uat-nonstream-r6-s5-1779256943113332678	req_7a1b1ef0-8ab4-4ac0-8b8e-410a028d0196	True	200	14338
nonstream	uat-nonstream-r6-s1-1779256943111559817	req_c57c26f3-b9f9-43a7-9838-ac3a65222409	True	200	15865
nonstream	uat-nonstream-r6-s6-1779256943118864721	req_49169b57-238c-4baf-aa21-8e1945bedb35	True	200	19488
nonstream	uat-nonstream-r6-s9-1779256943128002930	req_76653771-94ba-4c62-b632-5fa3e25f474b	True	200	21211
nonstream	uat-nonstream-r6-s8-1779256943113680602	req_0ec2de7b-2c30-455c-94ee-c1a40d96601f	True	200	22881
nonstream	uat-nonstream-r6-s3-1779256943120871562	req_8ae4c309-fdb4-46fe-9112-e4eed9d5577f	True	200	24339
nonstream	uat-nonstream-r6-s10-1779256943128538810	req_695c1682-3a11-4cf3-ae34-419aa7d042f4	True	200	30831
nonstream	uat-nonstream-r7-s3-1779256974094631103	req_6f545c32-c660-4eef-bc53-fded951675e1	True	200	4824
nonstream	uat-nonstream-r7-s6-1779256974084888194	req_f9135da6-5fd9-4230-958d-aba76ba57ed5	True	200	6457
nonstream	uat-nonstream-r7-s1-1779256974071146842	req_96990198-ae73-46b1-b910-6989d0afd640	True	200	8290
nonstream	uat-nonstream-r7-s10-1779256974098583459	req_d0f51038-87f2-4f85-bf99-d59533ec4b02	True	200	12957
nonstream	uat-nonstream-r7-s8-1779256974124875510	req_db51d41d-9a51-4691-b64d-44ba15020ce6	True	200	15207
nonstream	uat-nonstream-r7-s2-1779256974060012272	req_71e6923a-1b85-499e-9d9e-23b724596562	True	200	17927
nonstream	uat-nonstream-r7-s7-1779256974096492820	req_8cc9d633-913c-4f3b-b018-3c911a04cb5c	True	200	21159
nonstream	uat-nonstream-r7-s5-1779256974087766909	req_11985a18-972e-490e-aba3-5c889ce08f5c	True	200	22867
nonstream	uat-nonstream-r7-s4-1779256974062535957	req_6f75a1ef-b56e-486d-97da-56e2c1cf0227	True	200	25100
nonstream	uat-nonstream-r7-s9-1779256974064007480	req_9b6c127e-a425-4e3b-9870-c50070f690fc	True	200	27380
nonstream	uat-nonstream-r8-s4-1779257001469939019	req_80c8fb56-6396-46f9-bdd1-db4914520bd2	True	200	1700
nonstream	uat-nonstream-r8-s10-1779257001473234989	req_ad0b8982-53bb-4eca-b056-a325fcf0d09c	True	200	3236
nonstream	uat-nonstream-r8-s7-1779257001472093147	req_987158d9-c0b4-44a3-ac7b-06a9260a0ff0	True	200	5884
nonstream	uat-nonstream-r8-s1-1779257001470630090	req_88da4c37-9684-4b6f-ab41-02d8e447afe0	True	200	10000
nonstream	uat-nonstream-r8-s3-1779257001470630081	req_686d9909-f939-4804-992e-9b1283d7e1fb	True	200	11503
nonstream	uat-nonstream-r8-s2-1779257001470181365	req_ba25da94-bc69-4f64-9c8d-1a57366a7fc5	True	200	12969
nonstream	uat-nonstream-r8-s5-1779257001469961742	req_b8c71f75-d887-4e26-b54b-ea4c7b79f08c	True	200	17133
nonstream	uat-nonstream-r8-s9-1779257001472468655	req_254c71df-ffc1-482f-964d-8a891bd17ec1	True	200	18704
nonstream	uat-nonstream-r8-s6-1779257001471955258	req_50b0eea2-a385-478b-87e7-2377a999709c	True	200	20277
nonstream	uat-nonstream-r8-s8-1779257001471500581	req_d58c3404-0110-4d43-b6c2-ecf65b006d72	True	200	21775
nonstream	uat-nonstream-r9-s5-1779257023272084338	req_a675f51c-12b7-4fb1-8544-4544314e34a3	True	200	2263
nonstream	uat-nonstream-r9-s9-1779257023276020384	req_b9400bca-7118-43bb-98fd-9538b14a1f39	True	200	8815
nonstream	uat-nonstream-r9-s7-1779257023273348290	req_b11ea156-4830-477b-804b-28c269e5cfdd	True	200	11467
nonstream	uat-nonstream-r9-s1-1779257023274939578	req_e1fade13-4089-41fa-b3a6-bc484ea71933	True	200	13332
nonstream	uat-nonstream-r9-s8-1779257023272803973	req_d7b9986d-ffe0-4b27-aca7-9e8ee6eeb9f5	True	200	18278
nonstream	uat-nonstream-r9-s2-1779257023271699964	req_cfd453e4-ee51-4751-bd29-ac3d58e1ba64	True	200	22045
nonstream	uat-nonstream-r9-s6-1779257023274738229	req_aacf23da-4151-43de-9f81-e4c47a88c8e4	True	200	25111
nonstream	uat-nonstream-r9-s4-1779257023276496842	req_eb07fab0-ca81-4d16-ba8c-a1014377bde7	True	200	30889
nonstream	uat-nonstream-r9-s10-1779257023275900608	req_cc3f7c0a-4539-47e5-8d10-f781931b5c0b	True	200	32415
nonstream	uat-nonstream-r9-s3-1779257023271699123	req_b40d2d1e-021f-4df8-9baa-e5436439c3b0	True	200	33951
nonstream	uat-nonstream-r10-s3-1779257057267719539	req_55047195-8bcc-4f49-87d0-65d7a22db750	True	200	2893
nonstream	uat-nonstream-r10-s4-1779257057267606727	req_3474434f-f434-47c3-a0ea-316fbb827d39	True	200	5160
nonstream	uat-nonstream-r10-s5-1779257057268008884	req_1354d6e9-6ab9-4d44-809a-9d9d3895b259	True	200	10770
nonstream	uat-nonstream-r10-s8-1779257057271023824	req_6a86099a-3288-4682-b934-9366a060b769	True	200	16997
nonstream	uat-nonstream-r10-s2-1779257057267429593	req_e4120f7f-9fe2-4b13-9cd7-adcb2e3232da	True	200	23273
nonstream	uat-nonstream-r10-s10-1779257057270041464	req_64f635e9-25ac-45c9-a81c-85daaa076c23	True	200	25503
nonstream	uat-nonstream-r10-s6-1779257057268754749	req_ce3cd789-8aaf-4291-b49b-ec84700c65f6	True	200	27053
nonstream	uat-nonstream-r10-s1-1779257057267904657	req_867310f1-13b2-45bc-bafc-9b74b62f0bd4	True	200	29379
nonstream	uat-nonstream-r10-s9-1779257057276550086	req_c1a37290-54d7-41d0-b8f1-2deaa1d0b3d0	True	200	33025
nonstream	uat-nonstream-r10-s7-1779257057269110449	req_57e8f843-c925-42d1-8816-a21014c6ed86	True	200	35872
stream	uat-stream-r1-s6-1779257424647811930	req_579a6db8-6450-4fae-8e5d-2e47feb9055b	True	200	2963
stream	uat-stream-r1-s5-1779257424639091753	req_26e211db-58f8-497d-9930-49c0c81d2f21	True	200	5974
stream	uat-stream-r1-s4-1779257424638687322	req_d27e5787-9e78-407c-bc90-25c1c47b6ab9	True	200	8165
stream	uat-stream-r1-s8-1779257424650048944	req_e5ec3303-09e8-4de0-8179-40906b72ac34	True	200	9739
stream	uat-stream-r1-s9-1779257424640102297	req_85f82bef-96d5-4954-b651-beb301a845c7	True	200	12029
stream	uat-stream-r1-s2-1779257424638425509	req_13da57b8-ef58-4a15-8f20-88b4529a4e25	True	200	17557
stream	uat-stream-r1-s10-1779257424640130090	req_e0e3c8b3-91a6-4021-84b8-ec4190444663	True	200	19085
stream	uat-stream-r1-s3-1779257424639254090	req_40af3f42-bb35-40c5-a5ed-bb503f3cf5f0	True	200	23723
stream	uat-stream-r1-s7-1779257424639817620	req_01ee5024-c3e6-4d60-972b-0778ee18214c	True	200	25436
stream	uat-stream-r1-s1-1779257424638329368	req_94897e36-2be8-4842-9e9c-85e69661635d	True	200	27025
stream	uat-stream-r2-s1-1779257451697311015	req_70122530-a146-4990-95ce-30225fd102a2	True	200	1637
stream	uat-stream-r2-s10-1779257451703498901	req_0248fb75-f831-4e47-a19a-57e75ce45747	True	200	3951
stream	uat-stream-r2-s4-1779257451697643351	req_ef6f3fc5-4133-4969-9373-644ec0fa2be9	True	200	8264
stream	uat-stream-r2-s6-1779257451703179720	req_e9dd4dac-cbda-4844-8ccc-51f634964c3b	True	200	9764
stream	uat-stream-r2-s9-1779257451708771383	req_b2223c99-939f-4452-9b69-09bceb6a83af	True	200	12170
stream	uat-stream-r2-s3-1779257451699501641	req_3ad0f819-8e67-4566-b3d9-59c972c65a93	True	200	13842
stream	uat-stream-r2-s2-1779257451697323638	req_709519f5-402f-41df-9115-bf1285927304	True	200	17614
stream	uat-stream-r2-s8-1779257451703465008	req_f0162fa8-0361-4beb-b9fb-492329693588	True	200	20502
stream	uat-stream-r2-s7-1779257451701574936	req_1b56bd19-e276-495a-af51-fe2343853f68	True	200	24694
stream	uat-stream-r2-s5-1779257451697589720	req_d15eecc9-bb61-4056-81d8-c183abc4d47f	True	200	30338
stream	uat-stream-r3-s7-1779257482082065314	req_f081f1ab-9e8e-4491-86d2-278f014d569c	True	200	2060
stream	uat-stream-r3-s3-1779257482080832312	req_34313eaa-3687-40ce-9f04-5ae0cb61c077	True	200	3756
stream	uat-stream-r3-s6-1779257482081249538	req_6502433d-d7e4-477e-b82a-2028cfdbb2fc	True	200	8912
stream	uat-stream-r3-s2-1779257482080695494	req_cd76d32f-d9a6-4994-928d-3bd4f8d5d40c	True	200	16126
stream	uat-stream-r3-s9-1779257482082182295	req_d3c181b7-c980-47b6-b7b2-01b7d20c13cd	True	200	21744
stream	uat-stream-r3-s5-1779257482081406544	req_f0c58ce6-fdaa-4c63-b433-9473cbfaf66c	True	200	23518
stream	uat-stream-r3-s8-1779257482083695074	req_dc33c448-85c3-483f-8d08-4721982f630a	True	200	25187
stream	uat-stream-r3-s10-1779257482083421619	req_328e830b-95cd-4726-86f6-ac2d83907388	True	200	27402
stream	uat-stream-r3-s1-1779257482080804700	req_d890d574-5150-4626-a61e-c94d127302af	True	200	29604
stream	uat-stream-r3-s4-1779257482081262011	req_323a9fa3-b1be-4a46-b5ca-8efba5b637e5	True	200	34614
stream	uat-stream-r4-s7-1779257516729712418	req_c020746d-13d4-42bf-9a27-b8d248dad103	True	200	3558
stream	uat-stream-r4-s6-1779257516728335204	req_ad475e56-1160-405f-a268-397755558bda	True	200	7067
stream	uat-stream-r4-s4-1779257516728004551	req_b25df0f1-ac3e-40c8-a996-3237f375c4a6	True	200	8742
stream	uat-stream-r4-s10-1779257516730767035	req_5af11807-7ee7-4b82-9b72-f565ceedcb04	True	200	15616
stream	uat-stream-r4-s8-1779257516728677018	req_d6848d56-2b95-47d9-a86d-386e7a38e91c	True	200	19887
stream	uat-stream-r4-s3-1779257516728315757	req_32ec9e22-920e-486d-a1b2-8253c2817545	True	200	22693
stream	uat-stream-r4-s2-1779257516727651827	req_b379eb0e-dde7-494e-9af9-03113282bf38	True	200	24313
stream	uat-stream-r4-s1-1779257516728282686	req_024d0696-d819-4eba-9c11-090808ced7a0	True	200	26051
stream	uat-stream-r4-s5-1779257516729041264	req_26586c89-5d19-4e26-93e5-bcbf051a1564	True	200	29503
stream	uat-stream-r4-s9-1779257516729672453	req_9deb92e1-391f-40c8-8373-eb74f6d083de	True	200	31193
stream	uat-stream-r5-s6-1779257547970879004	req_fff2adea-1c0a-46a0-a2da-98ce30f521b7	True	200	3250
stream	uat-stream-r5-s8-1779257547971182385	req_493ad8fb-d687-449a-b95b-dcff2871f11c	True	200	6406
stream	uat-stream-r5-s1-1779257547969215501	req_ff68a5c2-9fcb-4744-9e34-a3f565558282	True	200	12883
stream	uat-stream-r5-s7-1779257547972326891	req_ce8966ec-255e-48e8-abbd-b6774be178e7	True	200	17183
stream	uat-stream-r5-s4-1779257547970013313	req_b80b42f1-533a-4b99-b867-bf49cd88cce0	True	200	21362
stream	uat-stream-r5-s2-1779257547969340446	req_4ddf261a-ae57-4a97-8952-ec84ae68a9e9	True	200	25580
stream	uat-stream-r5-s10-1779257547972138817	req_2bbab429-3ebb-4cf9-b1a6-b6e76d5eb05c	True	200	27458
stream	uat-stream-r5-s3-1779257547969870664	req_21136d35-8834-4dd2-be12-e872ef48e963	True	200	39329
stream	uat-stream-r5-s9-1779257547972106175	req_afc85cb8-017a-4f3e-963f-6a32e5ebdeba	True	200	40940
stream	uat-stream-r5-s5-1779257547970460706	req_78fdb476-1744-42e6-96c5-9e423e4484f5	True	200	43213
stream	uat-stream-r6-s2-1779257591217155872	req_8229d5ed-f782-40c1-92b9-b4f6b23f29c6	True	200	4581
stream	uat-stream-r6-s9-1779257591220892069	req_d72ac47c-821d-40fb-b855-102113672e21	True	200	8992
stream	uat-stream-r6-s1-1779257591217029485	req_b2b0f241-8371-4a8f-b566-83fe05635a03	True	200	16386
stream	uat-stream-r6-s8-1779257591218558915	req_c5069290-1113-4041-87eb-360ca4d2012b	True	200	18632
stream	uat-stream-r6-s10-1779257591220313671	req_14a68f96-0aa5-4d75-913d-16f1635de4e5	True	200	22372
stream	uat-stream-r6-s5-1779257591217356060	req_65446ded-d797-47bd-938b-da6857b54d8f	True	200	24901
stream	uat-stream-r6-s4-1779257591217369935	req_4e808eb6-8585-44d1-a9e6-5cfce9bc3d15	True	200	27310
stream	uat-stream-r6-s3-1779257591217366128	req_aaeff55b-019d-4a26-a86a-96dcf6945fc8	True	200	29973
stream	uat-stream-r6-s6-1779257591217581043	req_f75c84cc-ef88-4582-967b-3ded084495a8	True	200	35684
stream	uat-stream-r6-s7-1779257591221107154	req_62284361-d9e4-4231-aba6-24df2c9f02d9	True	200	40659
stream	uat-stream-r7-s1-1779257631910110746	req_abc24adf-63c9-450d-971d-e6c6b7834e7d	True	200	2279
stream	uat-stream-r7-s3-1779257631910266821	req_126cfe87-aa89-405a-a929-8d73bc74126b	True	200	4394
stream	uat-stream-r7-s2-1779257631910252594	req_deca4af0-00ec-4e5d-ad7f-0d143eb1f28a	True	200	5913
stream	uat-stream-r7-s9-1779257631912593934	req_3c118a16-f231-449e-842c-dbeb61ede7d6	True	200	7617
stream	uat-stream-r7-s7-1779257631910825884	req_e9c25f8c-dd86-4836-adb7-b737e3a83a30	True	200	13904
stream	uat-stream-r7-s4-1779257631918721346	req_3f2d8696-61a3-45c2-9445-52abe5534b23	True	200	15566
stream	uat-stream-r7-s10-1779257631918721897	req_c4f8e92c-4d56-45b6-bfc6-5d037984b5c2	True	200	18404
stream	uat-stream-r7-s5-1779257631912581090	req_2e2ae08b-9b7f-41e2-afe5-8d5092c82044	True	200	22748
stream	uat-stream-r7-s6-1779257631910557919	req_2be88f6a-6b16-470b-9938-293731d7847b	True	200	24424
stream	uat-stream-r7-s8-1779257631912491642	req_072f9a2a-187b-4b9c-a0e3-db46ec984e74	True	200	26016
stream	uat-stream-r8-s4-1779257657963807385	req_032d63f3-f494-4562-bd44-92be0380bd1c	True	200	3989
stream	uat-stream-r8-s10-1779257657962478782	req_8a4f594a-26dc-42dc-ba99-78f1b99c07de	True	200	5692
stream	uat-stream-r8-s6-1779257657961579198	req_c771970f-05c2-4c9d-8355-cd88a6f8e060	True	200	8639
stream	uat-stream-r8-s8-1779257657965078660	req_012eb83c-696b-4e04-abd0-4b0b4e6aaa40	True	200	10141
stream	uat-stream-r8-s5-1779257657961404219	req_289cc1f0-d598-484c-9a4d-faf051ee77ef	True	200	12509
stream	uat-stream-r8-s3-1779257657961340108	req_8c56278c-5cc8-4702-8ee6-20f7fad03efa	True	200	15437
stream	uat-stream-r8-s7-1779257657963369841	req_8b4580dc-fb38-44b9-8f1d-54f726fdfab6	True	200	18647
stream	uat-stream-r8-s1-1779257657960885231	req_72fa9d65-53d6-4d8f-8a04-81fd7e9ac54b	True	200	22181
stream	uat-stream-r8-s2-1779257657960951837	req_d72d0ba3-7688-485e-85a0-17292941895e	True	200	26192
stream	uat-stream-r8-s9-1779257657962178487	req_5d5da283-c2b5-4b2c-a5c0-edd54a73d8b3	True	200	31129
stream	uat-stream-r9-s6-1779257689156629245	req_dacec65b-9c19-43ad-8a8e-df38286191f8	True	200	1965
stream	uat-stream-r9-s3-1779257689156245156	req_16ed0b2d-842d-4518-a6de-c7271547769f	True	200	6261
stream	uat-stream-r9-s1-1779257689169018725	req_fa28cedf-e063-482e-812d-dc8697f76e05	True	200	8543
stream	uat-stream-r9-s5-1779257689168464808	req_c96b4f1c-df8e-4d91-9f02-a6c64956e077	True	200	12799
stream	uat-stream-r9-s4-1779257689158955088	req_6cdb89b1-f14f-4d8a-8ce0-745c8a0da739	True	200	14572
stream	uat-stream-r9-s7-1779257689157729274	req_19178ecc-3b57-4fd5-b638-f58418cf03ef	True	200	16446
stream	uat-stream-r9-s9-1779257689158075612	req_00e4b517-ca4e-4f51-b754-3672ed3239d5	True	200	24207
stream	uat-stream-r9-s8-1779257689157330197	req_1067982a-78d4-4103-ad67-f6d2351ad8e1	True	200	26010
stream	uat-stream-r9-s10-1779257689158352060	req_5757a728-61d9-4c34-b725-017daf378559	True	200	27578
stream	uat-stream-r9-s2-1779257689156995039	req_1d7f9492-c6ee-4af0-a0f0-a5fee0b56fcd	True	200	31415
stream	uat-stream-r10-s6-1779257720623057640	req_d97a01e7-fd7f-45fd-b14f-eed373df9951	True	200	2289
stream	uat-stream-r10-s8-1779257720621575666	req_8a7a8150-93f8-417a-a182-45782b1389ce	True	200	4573
stream	uat-stream-r10-s9-1779257720627417534	req_0b0be30a-e469-4aed-8335-f3a271a42506	True	200	7498
stream	uat-stream-r10-s10-1779257720635335147	req_82790227-c669-41a0-b49f-5cecaaec107f	True	200	9775
stream	uat-stream-r10-s4-1779257720620664510	req_a8d019b4-5779-4ecc-99af-c665beea38d5	True	200	12616
stream	uat-stream-r10-s5-1779257720620322980	req_9b5aca80-81f5-42f7-9c39-1bccba4adae3	True	200	15336
stream	uat-stream-r10-s2-1779257720619984638	req_cbc81454-4285-4b9f-b9cd-7d13d61c1d96	True	200	18909
stream	uat-stream-r10-s7-1779257720626946241	req_fab459cc-7630-4b07-857e-9776eabae09e	True	200	21444
stream	uat-stream-r10-s3-1779257720620651876	req_70f4ea4a-c68d-4d14-b391-8bdbf38a7a5e	True	200	25019
stream	uat-stream-r10-s1-1779257720629315468	req_58b9bc48-e957-41a3-9be3-836c236f5534	True	200	26617
