nonstream	uat-nonstream-r1-s4-1779256814475893806	e3922dae-b7f5-49a3-a202-01cc93ef31f1	True	200	1712
nonstream	uat-nonstream-r1-s5-1779256814474637148	cb6863e3-1d2e-4ba9-9380-1b6570233b32	True	200	2139
nonstream	uat-nonstream-r1-s6-1779256814480971206	4cfca137-e143-424a-b9a6-40c82cd001c3	True	200	4095
nonstream	uat-nonstream-r1-s7-1779256814474520990	b866f523-6663-4777-aa93-ed3e087d75b1	True	200	6442
nonstream	uat-nonstream-r1-s8-1779256814474663527	fa3a80aa-ba71-4454-93c1-bc10915152ab	True	200	6518
nonstream	uat-nonstream-r1-s3-1779256814474434837	a125ff9d-855c-45bc-9d42-036b9d7b1f9b	True	200	6829
nonstream	uat-nonstream-r1-s10-1779256814476579228	b195405c-4470-4a4b-8b95-e7485df582db	True	200	7267
nonstream	uat-nonstream-r1-s9-1779256814474842455	da52d544-e3c5-40b2-adc1-4c8ebfc44021	True	200	7642
nonstream	uat-nonstream-r1-s2-1779256814474866460	28b1fbeb-c181-4e25-a133-6c0f716cd461	True	200	7982
nonstream	uat-nonstream-r1-s1-1779256814475474848	a43856aa-3306-43f4-a6db-eb927921899d	True	200	8604
nonstream	uat-nonstream-r2-s3-1779256823117809415	20816309-564a-449f-b8e7-45a8e605f978	True	200	1787
nonstream	uat-nonstream-r2-s10-1779256823120396619	c0aeb95a-5e94-4281-8309-ae451d57c1af	True	200	3441
nonstream	uat-nonstream-r2-s6-1779256823119363664	c0e2ca32-3957-4b01-b84a-48668fa0a1ac	True	200	5016
nonstream	uat-nonstream-r2-s1-1779256823118264151	27134318-352a-4540-ab8f-b3e366327f76	True	200	7863
nonstream	uat-nonstream-r2-s8-1779256823120953119	7b660521-268b-4c86-891d-aae5ca4a575f	True	200	10927
nonstream	uat-nonstream-r2-s4-1779256823118077079	bbd34e90-d995-4eda-ab56-257fce514807	True	200	13639
nonstream	uat-nonstream-r2-s2-1779256823117791782	53a4b6f1-b677-4064-b6db-41997311a958	True	200	16297
nonstream	uat-nonstream-r2-s9-1779256823129282846	d9c46f95-a355-4e9a-a533-12eb32d0608d	True	200	19727
nonstream	uat-nonstream-r2-s7-1779256823119364104	4809a5b7-dd16-4124-9e0d-7f91929f7cb4	True	200	23599
nonstream	uat-nonstream-r2-s5-1779256823128544775	d3dcf4dc-afea-4985-bcff-150eb9941c47	True	200	25899
nonstream	uat-nonstream-r3-s2-1779256849057804100	2c5dacac-70e4-4f55-977b-7d6882f3ac62	True	200	2174
nonstream	uat-nonstream-r3-s7-1779256849068919025	5f1c6eb9-737b-4018-9e9f-5a31e3f9d586	True	200	3682
nonstream	uat-nonstream-r3-s3-1779256849065575925	2a6684e0-a0da-4e7d-9401-b6ad154f754e	True	200	6518
nonstream	uat-nonstream-r3-s9-1779256849064620485	49050ec0-cb68-4041-8190-0665747fd7cb	True	200	11487
nonstream	uat-nonstream-r3-s5-1779256849058633723	2dbab79f-019b-4a4f-b8fc-39f7bd5af4c4	True	200	15232
nonstream	uat-nonstream-r3-s6-1779256849059886313	d4a0be9a-c5fb-426f-86ea-3e235960bbaa	True	200	19617
nonstream	uat-nonstream-r3-s1-1779256849069873894	9a624e39-260f-45fd-9f53-c18212376c39	True	200	22619
nonstream	uat-nonstream-r3-s4-1779256849058023834	2a9b2bc8-2742-4eb5-bd3e-24ad46cb746e	True	200	24169
nonstream	uat-nonstream-r3-s8-1779256849061274549	c5a5c02f-21d9-48d6-a8d4-ecdb02f0c3c6	True	200	26434
nonstream	uat-nonstream-r3-s10-1779256849060164317	6310283f-964c-4a85-9967-0660cb6821e2	True	200	30300
nonstream	uat-nonstream-r4-s5-1779256879392520672	4d8735d4-ff27-4b7d-8049-bc31cea41253	True	200	4444
nonstream	uat-nonstream-r4-s6-1779256879398473620	c29ff8ad-96db-4884-b218-761cea4dd685	True	200	9417
nonstream	uat-nonstream-r4-s1-1779256879392546741	a1e9deab-2f9d-4c0c-8308-d6046b1ef169	True	200	12250
nonstream	uat-nonstream-r4-s8-1779256879393582574	acdadf4c-8ec2-4ace-ac6b-145602ff54eb	True	200	15213
nonstream	uat-nonstream-r4-s3-1779256879392383142	b543bee4-d0f6-49b6-afa9-757de6e7bb6a	True	200	16772
nonstream	uat-nonstream-r4-s9-1779256879393881356	533f9e78-bac9-42ea-912a-1dd55fa11def	True	200	20463
nonstream	uat-nonstream-r4-s7-1779256879393602110	a7ec00a3-d587-48da-bc73-ae540c5cf5b3	True	200	27068
nonstream	uat-nonstream-r4-s2-1779256879392143551	89293800-eb1a-43be-b552-6d62dc93bc8b	True	200	28908
nonstream	uat-nonstream-r4-s4-1779256879392678199	ece9e1b4-2fd0-4e2e-a839-de809a87cb06	True	200	31510
nonstream	uat-nonstream-r4-s10-1779256879394907299	4ca9c279-dbfd-48c6-8bd5-3de4e7ba5ea2	True	200	33141
nonstream	uat-nonstream-r5-s6-1779256912590625776	9fc25999-f737-4573-8bcd-aab6b51dca82	True	200	6791
nonstream	uat-nonstream-r5-s9-1779256912605707936	af77f5d3-1a11-416d-bff6-23274d108e5b	True	200	9668
nonstream	uat-nonstream-r5-s1-1779256912655501274	d3ff5b7a-352c-4acc-a765-3a2cfb54d9e9	True	200	11530
nonstream	uat-nonstream-r5-s4-1779256912599223448	a331356b-d529-41d5-9c33-d9be98bc19f8	True	200	14675
nonstream	uat-nonstream-r5-s10-1779256912590094134	2f2882b5-d654-4839-ac48-244e5fa6d407	True	200	16415
nonstream	uat-nonstream-r5-s8-1779256912585788361	822428fd-2180-4dae-a9ec-b99109a382b6	True	200	18639
nonstream	uat-nonstream-r5-s2-1779256912583746364	e9a8b76c-0940-47fd-b274-d2c6b22cb265	True	200	22213
nonstream	uat-nonstream-r5-s7-1779256912610247561	e6c21759-1a5e-4865-833d-4a0f994889e4	True	200	27247
nonstream	uat-nonstream-r5-s3-1779256912591381560	90aed021-6b75-474f-b6ee-f83b923f8d16	True	200	28906
nonstream	uat-nonstream-r5-s5-1779256912603998846	49e8c86a-8f0e-43d7-bbc1-6f83c75798a5	True	200	30397
nonstream	uat-nonstream-r6-s4-1779256943112008342	3f06c2e5-d93f-4ce6-9ee1-e15fdff4d557	True	200	3151
nonstream	uat-nonstream-r6-s2-1779256943111594823	b131fcdd-ced0-4620-acb2-c6fdb20e153b	True	200	7565
nonstream	uat-nonstream-r6-s7-1779256943112797859	75aada06-04bc-4f50-a2d0-39fd9ef5f0c7	True	200	9206
nonstream	uat-nonstream-r6-s5-1779256943113332678	0b029fd9-142f-4fd4-ac90-83e92c786c07	True	200	14338
nonstream	uat-nonstream-r6-s1-1779256943111559817	3516fd9a-9c07-4b97-91af-779187b24e30	True	200	15865
nonstream	uat-nonstream-r6-s6-1779256943118864721	3751f629-c5cc-48fb-b12d-e7e397a13dc6	True	200	19488
nonstream	uat-nonstream-r6-s9-1779256943128002930	18e352a4-437a-4300-95cc-f040f0bc2c0f	True	200	21211
nonstream	uat-nonstream-r6-s8-1779256943113680602	231dca83-6937-4b42-a39d-87867e7868a9	True	200	22881
nonstream	uat-nonstream-r6-s3-1779256943120871562	c7396f22-8c24-41e7-9638-71b6d86de0cc	True	200	24339
nonstream	uat-nonstream-r6-s10-1779256943128538810	f2047617-b9ce-46b0-b080-34d703c9dfa1	True	200	30831
nonstream	uat-nonstream-r7-s3-1779256974094631103	9193d022-7684-4895-bab7-b0a54c8db7f5	True	200	4824
nonstream	uat-nonstream-r7-s6-1779256974084888194	7e910246-a3fe-4be6-9fca-c3cd91afa486	True	200	6457
nonstream	uat-nonstream-r7-s1-1779256974071146842	71877129-67a8-408a-8a6d-f4fbffc5ea9c	True	200	8290
nonstream	uat-nonstream-r7-s10-1779256974098583459	a0b42398-af31-49af-a65d-43d4b4951840	True	200	12957
nonstream	uat-nonstream-r7-s8-1779256974124875510	e7b3f730-0943-419d-8c7d-ff881784fe92	True	200	15207
nonstream	uat-nonstream-r7-s2-1779256974060012272	9a0cbe82-bd5d-44c7-bb19-f26741d302b1	True	200	17927
nonstream	uat-nonstream-r7-s7-1779256974096492820	ebdee0dc-642a-4dfc-8483-652fd9a9cf16	True	200	21159
nonstream	uat-nonstream-r7-s5-1779256974087766909	1df2da9c-083e-43a4-8858-51eee51f966e	True	200	22867
nonstream	uat-nonstream-r7-s4-1779256974062535957	eca17056-4115-455c-aed5-bd50e3695244	True	200	25100
nonstream	uat-nonstream-r7-s9-1779256974064007480	7b43b1a5-d2d1-49ef-9b3a-6de918fbdc5b	True	200	27380
nonstream	uat-nonstream-r8-s4-1779257001469939019	3a9a2012-dfcf-4378-9db9-e87b3306b46f	True	200	1700
nonstream	uat-nonstream-r8-s10-1779257001473234989	fb791769-77c7-42de-9f61-2c7f6cb31354	True	200	3236
nonstream	uat-nonstream-r8-s7-1779257001472093147	71c94c35-13a1-4554-b1e4-cd8c46ec5f11	True	200	5884
nonstream	uat-nonstream-r8-s1-1779257001470630090	47eeb51c-5534-495d-a810-63b87bd59a60	True	200	10000
nonstream	uat-nonstream-r8-s3-1779257001470630081	4b5a9830-4464-4d8a-9bba-9e592de5f35c	True	200	11503
nonstream	uat-nonstream-r8-s2-1779257001470181365	b005787d-2890-497f-a120-62669e6ff4ba	True	200	12969
nonstream	uat-nonstream-r8-s5-1779257001469961742	5e906415-8375-4bd1-b6f3-68a1939defed	True	200	17133
nonstream	uat-nonstream-r8-s9-1779257001472468655	7b5d9bb0-2892-4f8b-9b23-a225b1cd5f9a	True	200	18704
nonstream	uat-nonstream-r8-s6-1779257001471955258	44d23887-3e19-4e58-afe3-12842d149300	True	200	20277
nonstream	uat-nonstream-r8-s8-1779257001471500581	b7fdcb3c-fabd-4990-a36b-728162d5085a	True	200	21775
nonstream	uat-nonstream-r9-s5-1779257023272084338	b07a8e53-23c8-4e5c-b5d1-35401935ab46	True	200	2263
nonstream	uat-nonstream-r9-s9-1779257023276020384	7fd2c770-a5ce-43e9-94ef-5d6fc5000c86	True	200	8815
nonstream	uat-nonstream-r9-s7-1779257023273348290	d948e5ac-804f-47d5-9f19-9fcbab86e277	True	200	11467
nonstream	uat-nonstream-r9-s1-1779257023274939578	ca6bac9e-4763-4609-9601-746bfae54a06	True	200	13332
nonstream	uat-nonstream-r9-s8-1779257023272803973	a3b7c9d4-50cd-4e43-a34f-d9fc5c6f3df7	True	200	18278
nonstream	uat-nonstream-r9-s2-1779257023271699964	ad93b454-ceda-4647-8103-fceb45bb4967	True	200	22045
nonstream	uat-nonstream-r9-s6-1779257023274738229	baa1450b-3b34-4041-a232-661ee6145b67	True	200	25111
nonstream	uat-nonstream-r9-s4-1779257023276496842	caac9cdb-43b6-4b11-8ad2-41b1f61be1f6	True	200	30889
nonstream	uat-nonstream-r9-s10-1779257023275900608	88db46c2-9357-4310-8812-28b606fb711d	True	200	32415
nonstream	uat-nonstream-r9-s3-1779257023271699123	b40cb788-71f2-4e44-b1b7-5af2fb9a2fec	True	200	33951
nonstream	uat-nonstream-r10-s3-1779257057267719539	4490463a-64eb-43ca-adb1-a6569c658031	True	200	2893
nonstream	uat-nonstream-r10-s4-1779257057267606727	f372db2d-b2bf-4826-a77a-ffaa4f8fb31a	True	200	5160
nonstream	uat-nonstream-r10-s5-1779257057268008884	4722102c-a106-4f5e-96f3-f5242c1effb5	True	200	10770
nonstream	uat-nonstream-r10-s8-1779257057271023824	778ca9c2-37f0-469e-9814-f27656738da6	True	200	16997
nonstream	uat-nonstream-r10-s2-1779257057267429593	5648d302-4fea-4a18-9e1d-eb5691d54ded	True	200	23273
nonstream	uat-nonstream-r10-s10-1779257057270041464	d9f297ec-0473-4252-bc86-8f91575a1945	True	200	25503
nonstream	uat-nonstream-r10-s6-1779257057268754749	a9252157-d58e-409f-b8f5-1a3aecd01a5a	True	200	27053
nonstream	uat-nonstream-r10-s1-1779257057267904657	0e280355-4866-443d-8ae9-c264e3879e24	True	200	29379
nonstream	uat-nonstream-r10-s9-1779257057276550086	a95c9b92-a08e-40fb-b051-adbf56529fc6	True	200	33025
nonstream	uat-nonstream-r10-s7-1779257057269110449	bce0b21b-e2a4-4296-b5c3-41ca02ae9231	True	200	35872
stream	uat-stream-r1-s6-1779257424647811930	req_579a6db8-6450-4fae-8e5d-2e47feb9055b	True	200	2963
stream	uat-stream-r1-s5-1779257424639091753	req_26e211db-58f8-497d-9930-49c0c81d2f21	True	200	5974
stream	uat-stream-r1-s4-1779257424638687322	req_d27e5787-9e78-407c-bc90-25c1c47b6ab9	True	200	8165
stream	uat-stream-r1-s8-1779257424650048944	req_e5ec3303-09e8-4de0-8179-40906b72ac34	True	200	9739
stream	uat-stream-r1-s9-1779257424640102297	req_85f82bef-96d5-4954-b651-beb301a845c7	True	200	12029
stream	uat-stream-r1-s2-1779257424638425509	req_13da57b8-ef58-4a15-8f20-88b4529a4e25	True	200	17557
stream	uat-stream-r1-s10-1779257424640130090	req_e0e3c8b3-91a6-4021-84b8-ec4190444663	True	200	19085
stream	uat-stream-r1-s3-1779257424639254090	req_40af3f42-bb35-40c5-a5ed-bb503f3cf5f0	True	200	23723
stream	uat-stream-r1-s7-1779257424639817620	req_01ee5024-c3e6-4d60-972b-0778ee18214c	True	200	25436
stream	uat-stream-r1-s1-1779257424638329368	req_94897e36-2be8-4842-9e9c-85e69661635d	True	200	27025
stream	uat-stream-r2-s1-1779257451697311015	req_70122530-a146-4990-95ce-30225fd102a2	True	200	1637
stream	uat-stream-r2-s10-1779257451703498901	req_0248fb75-f831-4e47-a19a-57e75ce45747	True	200	3951
stream	uat-stream-r2-s4-1779257451697643351	req_ef6f3fc5-4133-4969-9373-644ec0fa2be9	True	200	8264
stream	uat-stream-r2-s6-1779257451703179720	req_e9dd4dac-cbda-4844-8ccc-51f634964c3b	True	200	9764
stream	uat-stream-r2-s9-1779257451708771383	req_b2223c99-939f-4452-9b69-09bceb6a83af	True	200	12170
stream	uat-stream-r2-s3-1779257451699501641	req_3ad0f819-8e67-4566-b3d9-59c972c65a93	True	200	13842
stream	uat-stream-r2-s2-1779257451697323638	req_709519f5-402f-41df-9115-bf1285927304	True	200	17614
stream	uat-stream-r2-s8-1779257451703465008	req_f0162fa8-0361-4beb-b9fb-492329693588	True	200	20502
stream	uat-stream-r2-s7-1779257451701574936	req_1b56bd19-e276-495a-af51-fe2343853f68	True	200	24694
stream	uat-stream-r2-s5-1779257451697589720	req_d15eecc9-bb61-4056-81d8-c183abc4d47f	True	200	30338
stream	uat-stream-r3-s7-1779257482082065314	req_f081f1ab-9e8e-4491-86d2-278f014d569c	True	200	2060
stream	uat-stream-r3-s3-1779257482080832312	req_34313eaa-3687-40ce-9f04-5ae0cb61c077	True	200	3756
stream	uat-stream-r3-s6-1779257482081249538	req_6502433d-d7e4-477e-b82a-2028cfdbb2fc	True	200	8912
stream	uat-stream-r3-s2-1779257482080695494	req_cd76d32f-d9a6-4994-928d-3bd4f8d5d40c	True	200	16126
stream	uat-stream-r3-s9-1779257482082182295	req_d3c181b7-c980-47b6-b7b2-01b7d20c13cd	True	200	21744
stream	uat-stream-r3-s5-1779257482081406544	req_f0c58ce6-fdaa-4c63-b433-9473cbfaf66c	True	200	23518
stream	uat-stream-r3-s8-1779257482083695074	req_dc33c448-85c3-483f-8d08-4721982f630a	True	200	25187
stream	uat-stream-r3-s10-1779257482083421619	req_328e830b-95cd-4726-86f6-ac2d83907388	True	200	27402
stream	uat-stream-r3-s1-1779257482080804700	req_d890d574-5150-4626-a61e-c94d127302af	True	200	29604
stream	uat-stream-r3-s4-1779257482081262011	req_323a9fa3-b1be-4a46-b5ca-8efba5b637e5	True	200	34614
stream	uat-stream-r4-s7-1779257516729712418	req_c020746d-13d4-42bf-9a27-b8d248dad103	True	200	3558
stream	uat-stream-r4-s6-1779257516728335204	req_ad475e56-1160-405f-a268-397755558bda	True	200	7067
stream	uat-stream-r4-s4-1779257516728004551	req_b25df0f1-ac3e-40c8-a996-3237f375c4a6	True	200	8742
stream	uat-stream-r4-s10-1779257516730767035	req_5af11807-7ee7-4b82-9b72-f565ceedcb04	True	200	15616
stream	uat-stream-r4-s8-1779257516728677018	req_d6848d56-2b95-47d9-a86d-386e7a38e91c	True	200	19887
stream	uat-stream-r4-s3-1779257516728315757	req_32ec9e22-920e-486d-a1b2-8253c2817545	True	200	22693
stream	uat-stream-r4-s2-1779257516727651827	req_b379eb0e-dde7-494e-9af9-03113282bf38	True	200	24313
stream	uat-stream-r4-s1-1779257516728282686	req_024d0696-d819-4eba-9c11-090808ced7a0	True	200	26051
stream	uat-stream-r4-s5-1779257516729041264	req_26586c89-5d19-4e26-93e5-bcbf051a1564	True	200	29503
stream	uat-stream-r4-s9-1779257516729672453	req_9deb92e1-391f-40c8-8373-eb74f6d083de	True	200	31193
stream	uat-stream-r5-s6-1779257547970879004	req_fff2adea-1c0a-46a0-a2da-98ce30f521b7	True	200	3250
stream	uat-stream-r5-s8-1779257547971182385	req_493ad8fb-d687-449a-b95b-dcff2871f11c	True	200	6406
stream	uat-stream-r5-s1-1779257547969215501	req_ff68a5c2-9fcb-4744-9e34-a3f565558282	True	200	12883
stream	uat-stream-r5-s7-1779257547972326891	req_ce8966ec-255e-48e8-abbd-b6774be178e7	True	200	17183
stream	uat-stream-r5-s4-1779257547970013313	req_b80b42f1-533a-4b99-b867-bf49cd88cce0	True	200	21362
stream	uat-stream-r5-s2-1779257547969340446	req_4ddf261a-ae57-4a97-8952-ec84ae68a9e9	True	200	25580
stream	uat-stream-r5-s10-1779257547972138817	req_2bbab429-3ebb-4cf9-b1a6-b6e76d5eb05c	True	200	27458
stream	uat-stream-r5-s3-1779257547969870664	req_21136d35-8834-4dd2-be12-e872ef48e963	True	200	39329
stream	uat-stream-r5-s9-1779257547972106175	req_afc85cb8-017a-4f3e-963f-6a32e5ebdeba	True	200	40940
stream	uat-stream-r5-s5-1779257547970460706	req_78fdb476-1744-42e6-96c5-9e423e4484f5	True	200	43213
stream	uat-stream-r6-s2-1779257591217155872	req_8229d5ed-f782-40c1-92b9-b4f6b23f29c6	True	200	4581
stream	uat-stream-r6-s9-1779257591220892069	req_d72ac47c-821d-40fb-b855-102113672e21	True	200	8992
stream	uat-stream-r6-s1-1779257591217029485	req_b2b0f241-8371-4a8f-b566-83fe05635a03	True	200	16386
stream	uat-stream-r6-s8-1779257591218558915	req_c5069290-1113-4041-87eb-360ca4d2012b	True	200	18632
stream	uat-stream-r6-s10-1779257591220313671	req_14a68f96-0aa5-4d75-913d-16f1635de4e5	True	200	22372
stream	uat-stream-r6-s5-1779257591217356060	req_65446ded-d797-47bd-938b-da6857b54d8f	True	200	24901
stream	uat-stream-r6-s4-1779257591217369935	req_4e808eb6-8585-44d1-a9e6-5cfce9bc3d15	True	200	27310
stream	uat-stream-r6-s3-1779257591217366128	req_aaeff55b-019d-4a26-a86a-96dcf6945fc8	True	200	29973
stream	uat-stream-r6-s6-1779257591217581043	req_f75c84cc-ef88-4582-967b-3ded084495a8	True	200	35684
stream	uat-stream-r6-s7-1779257591221107154	req_62284361-d9e4-4231-aba6-24df2c9f02d9	True	200	40659
stream	uat-stream-r7-s1-1779257631910110746	req_abc24adf-63c9-450d-971d-e6c6b7834e7d	True	200	2279
stream	uat-stream-r7-s3-1779257631910266821	req_126cfe87-aa89-405a-a929-8d73bc74126b	True	200	4394
stream	uat-stream-r7-s2-1779257631910252594	req_deca4af0-00ec-4e5d-ad7f-0d143eb1f28a	True	200	5913
stream	uat-stream-r7-s9-1779257631912593934	req_3c118a16-f231-449e-842c-dbeb61ede7d6	True	200	7617
stream	uat-stream-r7-s7-1779257631910825884	req_e9c25f8c-dd86-4836-adb7-b737e3a83a30	True	200	13904
stream	uat-stream-r7-s4-1779257631918721346	req_3f2d8696-61a3-45c2-9445-52abe5534b23	True	200	15566
stream	uat-stream-r7-s10-1779257631918721897	req_c4f8e92c-4d56-45b6-bfc6-5d037984b5c2	True	200	18404
stream	uat-stream-r7-s5-1779257631912581090	req_2e2ae08b-9b7f-41e2-afe5-8d5092c82044	True	200	22748
stream	uat-stream-r7-s6-1779257631910557919	req_2be88f6a-6b16-470b-9938-293731d7847b	True	200	24424
stream	uat-stream-r7-s8-1779257631912491642	req_072f9a2a-187b-4b9c-a0e3-db46ec984e74	True	200	26016
stream	uat-stream-r8-s4-1779257657963807385	req_032d63f3-f494-4562-bd44-92be0380bd1c	True	200	3989
stream	uat-stream-r8-s10-1779257657962478782	req_8a4f594a-26dc-42dc-ba99-78f1b99c07de	True	200	5692
stream	uat-stream-r8-s6-1779257657961579198	req_c771970f-05c2-4c9d-8355-cd88a6f8e060	True	200	8639
stream	uat-stream-r8-s8-1779257657965078660	req_012eb83c-696b-4e04-abd0-4b0b4e6aaa40	True	200	10141
stream	uat-stream-r8-s5-1779257657961404219	req_289cc1f0-d598-484c-9a4d-faf051ee77ef	True	200	12509
stream	uat-stream-r8-s3-1779257657961340108	req_8c56278c-5cc8-4702-8ee6-20f7fad03efa	True	200	15437
stream	uat-stream-r8-s7-1779257657963369841	req_8b4580dc-fb38-44b9-8f1d-54f726fdfab6	True	200	18647
stream	uat-stream-r8-s1-1779257657960885231	req_72fa9d65-53d6-4d8f-8a04-81fd7e9ac54b	True	200	22181
stream	uat-stream-r8-s2-1779257657960951837	req_d72d0ba3-7688-485e-85a0-17292941895e	True	200	26192
stream	uat-stream-r8-s9-1779257657962178487	req_5d5da283-c2b5-4b2c-a5c0-edd54a73d8b3	True	200	31129
stream	uat-stream-r9-s6-1779257689156629245	req_dacec65b-9c19-43ad-8a8e-df38286191f8	True	200	1965
stream	uat-stream-r9-s3-1779257689156245156	req_16ed0b2d-842d-4518-a6de-c7271547769f	True	200	6261
stream	uat-stream-r9-s1-1779257689169018725	req_fa28cedf-e063-482e-812d-dc8697f76e05	True	200	8543
stream	uat-stream-r9-s5-1779257689168464808	req_c96b4f1c-df8e-4d91-9f02-a6c64956e077	True	200	12799
stream	uat-stream-r9-s4-1779257689158955088	req_6cdb89b1-f14f-4d8a-8ce0-745c8a0da739	True	200	14572
stream	uat-stream-r9-s7-1779257689157729274	req_19178ecc-3b57-4fd5-b638-f58418cf03ef	True	200	16446
stream	uat-stream-r9-s9-1779257689158075612	req_00e4b517-ca4e-4f51-b754-3672ed3239d5	True	200	24207
stream	uat-stream-r9-s8-1779257689157330197	req_1067982a-78d4-4103-ad67-f6d2351ad8e1	True	200	26010
stream	uat-stream-r9-s10-1779257689158352060	req_5757a728-61d9-4c34-b725-017daf378559	True	200	27578
stream	uat-stream-r9-s2-1779257689156995039	req_1d7f9492-c6ee-4af0-a0f0-a5fee0b56fcd	True	200	31415
stream	uat-stream-r10-s6-1779257720623057640	req_d97a01e7-fd7f-45fd-b14f-eed373df9951	True	200	2289
stream	uat-stream-r10-s8-1779257720621575666	req_8a7a8150-93f8-417a-a182-45782b1389ce	True	200	4573
stream	uat-stream-r10-s9-1779257720627417534	req_0b0be30a-e469-4aed-8335-f3a271a42506	True	200	7498
stream	uat-stream-r10-s10-1779257720635335147	req_82790227-c669-41a0-b49f-5cecaaec107f	True	200	9775
stream	uat-stream-r10-s4-1779257720620664510	req_a8d019b4-5779-4ecc-99af-c665beea38d5	True	200	12616
stream	uat-stream-r10-s5-1779257720620322980	req_9b5aca80-81f5-42f7-9c39-1bccba4adae3	True	200	15336
stream	uat-stream-r10-s2-1779257720619984638	req_cbc81454-4285-4b9f-b9cd-7d13d61c1d96	True	200	18909
stream	uat-stream-r10-s7-1779257720626946241	req_fab459cc-7630-4b07-857e-9776eabae09e	True	200	21444
stream	uat-stream-r10-s3-1779257720620651876	req_70f4ea4a-c68d-4d14-b391-8bdbf38a7a5e	True	200	25019
stream	uat-stream-r10-s1-1779257720629315468	req_58b9bc48-e957-41a3-9be3-836c236f5534	True	200	26617
